timestamp, frame, x, y, z, qx, qy, qz, qw
465184.421219375, 000000, -2.718673, 0.82719, -1.6539141, 0.5761773, 0.055478774, -0.8139831, 0.04871537
465184.4545665, 000001, -2.7188315, 0.8271744, -1.6541141, 0.5755844, 0.0563552, -0.81430984, 0.049255077
465184.487913625, 000002, -2.7197855, 0.82735527, -1.6540661, 0.5754465, 0.05611419, -0.8143927, 0.049770966
465184.521260666, 000003, -2.720735, 0.82709265, -1.6537608, 0.57757235, 0.056836627, -0.81284666, 0.04959723
465184.554607791, 000004, -2.721157, 0.82708806, -1.6537784, 0.5788179, 0.056215964, -0.81202805, 0.04919335
465184.587954875, 000005, -2.7222314, 0.82716167, -1.6540719, 0.57912076, 0.05597995, -0.8118463, 0.04889692
465184.621301875, 000006, -2.7229922, 0.8271449, -1.6541986, 0.5791312, 0.056007784, -0.81184185, 0.048816126
465184.654649041, 000007, -2.7235472, 0.8271515, -1.6542886, 0.5785792, 0.055734932, -0.8122521, 0.04884962
465184.687996041, 000008, -2.72394, 0.82748157, -1.6544832, 0.57856107, 0.055000897, -0.8123459, 0.04833201
465184.75469025, 000009, -2.7248642, 0.8279118, -1.6547313, 0.57884306, 0.053533897, -0.8122904, 0.047530442
465184.788037375, 000010, -2.7252493, 0.8279032, -1.6549528, 0.57900167, 0.052603804, -0.81227297, 0.04693121
465184.8213845, 000011, -2.7259626, 0.8279449, -1.6551605, 0.57797444, 0.05263998, -0.8129912, 0.047115456
465184.854731541, 000012, -2.7269793, 0.82791483, -1.6552609, 0.57664406, 0.05335287, -0.81384736, 0.047827765
465184.888078666, 000013, -2.7278385, 0.8278616, -1.6549833, 0.5762215, 0.05416539, -0.8140741, 0.048147075
465184.92142575, 000014, -2.7292867, 0.8276881, -1.6549817, 0.576462, 0.05544105, -0.8138132, 0.04822782
465184.954772791, 000015, -2.7308161, 0.82758343, -1.6551756, 0.5760589, 0.056063436, -0.8140334, 0.04860622
465184.988119875, 000016, -2.7329507, 0.8271806, -1.6556273, 0.5751899, 0.05605821, -0.81460744, 0.049282655
465185.021466958, 000017, -2.7349658, 0.82692206, -1.6559261, 0.57480365, 0.056004122, -0.81483597, 0.050065752
465185.054814125, 000018, -2.73714, 0.8267382, -1.6563933, 0.5744809, 0.056207534, -0.8150007, 0.05085399
465185.088161166, 000019, -2.7396758, 0.82626325, -1.6571208, 0.57423145, 0.05667795, -0.8151351, 0.050995745
465185.121508291, 000020, -2.7423117, 0.82580775, -1.6577909, 0.57346225, 0.057536267, -0.81561404, 0.0510327
465185.154855416, 000021, -2.745222, 0.8252683, -1.6584558, 0.5718707, 0.058542777, -0.81666434, 0.05095009
465185.188202458, 000022, -2.7488883, 0.82428104, -1.659129, 0.57007813, 0.059810713, -0.8178115, 0.051167116
465185.221549541, 000023, -2.7527828, 0.8235946, -1.6596856, 0.56917846, 0.060428575, -0.8183725, 0.05148488
465185.254896583, 000024, -2.7571158, 0.8230471, -1.6601965, 0.5686422, 0.060586598, -0.818686, 0.05223688
465185.28824375, 000025, -2.7623525, 0.8226935, -1.6608902, 0.5678426, 0.06045051, -0.81920004, 0.05302804
465185.321590791, 000026, -2.7676833, 0.82247996, -1.661691, 0.5667748, 0.060110666, -0.8199208, 0.053693514
465185.354937875, 000027, -2.7732294, 0.82221586, -1.6626042, 0.56569624, 0.05989813, -0.82065606, 0.05407011
465185.388285041, 000028, -2.7796621, 0.8223794, -1.6638293, 0.5641888, 0.059944846, -0.82168084, 0.05420556
465185.421632083, 000029, -2.7860818, 0.8223407, -1.6651824, 0.5627379, 0.059738345, -0.82271576, 0.053814027
465185.45497925, 000030, -2.7928524, 0.8221423, -1.6665093, 0.56185085, 0.05958075, -0.8233608, 0.053390034
465185.48832625, 000031, -2.8000004, 0.82189, -1.667586, 0.56141055, 0.05907337, -0.823725, 0.052969243
465185.521673375, 000032, -2.8078284, 0.82158834, -1.6686826, 0.56125265, 0.05858208, -0.8238797, 0.0527795
465185.555020458, 000033, -2.8162143, 0.8212241, -1.6699113, 0.56043774, 0.058957852, -0.8244213, 0.052564565
465185.588367583, 000034, -2.825063, 0.82106054, -1.6713524, 0.5583826, 0.05953543, -0.82578325, 0.05240627
465185.621714708, 000035, -2.8343182, 0.82099456, -1.6727885, 0.55610096, 0.05938877, -0.8273408, 0.05226822
465185.655061833, 000036, -2.843927, 0.82097656, -1.674264, 0.5537282, 0.059037574, -0.82900566, 0.05146904
465185.688408916, 000037, -2.853325, 0.8209032, -1.6755856, 0.5517409, 0.05915359, -0.83040506, 0.050101466
465185.721755875, 000038, -2.8628154, 0.8211902, -1.6771128, 0.5495819, 0.05865138, -0.83195335, 0.04871734
465185.755103125, 000039, -2.8723674, 0.82162976, -1.6785686, 0.54775345, 0.05841933, -0.83322966, 0.047766004
465185.788450166, 000040, -2.881518, 0.82194823, -1.679793, 0.5460403, 0.059223097, -0.83435506, 0.0467339
465185.821797208, 000041, -2.8906484, 0.82237726, -1.680962, 0.5439484, 0.060769998, -0.8356623, 0.04577664
465185.85514425, 000042, -2.8996048, 0.8228665, -1.682109, 0.54129547, 0.06256199, -0.8373083, 0.044719663
465185.888491458, 000043, -2.9084647, 0.823188, -1.6835, 0.5377576, 0.06464854, -0.8394602, 0.04408728
465185.9218385, 000044, -2.9169853, 0.8235612, -1.6844059, 0.5337216, 0.066694975, -0.84189457, 0.043661647
465185.955185625, 000045, -2.9251647, 0.82385564, -1.6847914, 0.5305452, 0.06800492, -0.8438503, 0.042586736
465185.988532625, 000046, -2.9325342, 0.8240178, -1.6845287, 0.5285911, 0.068542615, -0.84509486, 0.041327454
465186.021879875, 000047, -2.9404058, 0.8240349, -1.6840557, 0.5271974, 0.06893527, -0.84593755, 0.041236896
465186.055226875, 000048, -2.9490154, 0.8238327, -1.6830238, 0.5267905, 0.06907918, -0.8461514, 0.04180278
465186.088574083, 000049, -2.9578974, 0.8234846, -1.6814946, 0.52604747, 0.069146015, -0.8465787, 0.042394485
465186.121921125, 000050, -2.9671056, 0.8234157, -1.6798583, 0.52334714, 0.069997504, -0.8481357, 0.043287512
465186.155268166, 000051, -2.9765358, 0.823488, -1.6778616, 0.5202857, 0.07013459, -0.84998953, 0.043607723
465186.18861525, 000052, -2.9865627, 0.82309437, -1.6755182, 0.5194168, 0.07011086, -0.8505644, 0.04278814
465186.221962416, 000053, -2.9969757, 0.8225555, -1.6722139, 0.5196109, 0.06967683, -0.8505158, 0.04210157
465186.255309583, 000054, -3.0078914, 0.8219588, -1.6682535, 0.51945734, 0.06907909, -0.8506568, 0.042131405
465186.288656583, 000055, -3.0193038, 0.82113856, -1.6635604, 0.5196243, 0.068498895, -0.85059446, 0.042275652
465186.322003708, 000056, -3.0311406, 0.8201436, -1.658624, 0.51959354, 0.06799847, -0.8506556, 0.04223149
465186.35535075, 000057, -3.0433404, 0.8188595, -1.6534003, 0.51918566, 0.06860392, -0.85088426, 0.04166066
465186.388697916, 000058, -3.0565767, 0.81766987, -1.647783, 0.5195396, 0.06932348, -0.85065883, 0.04064901
465186.422044916, 000059, -3.0698934, 0.8163826, -1.6415613, 0.5203942, 0.06953343, -0.850161, 0.039762717
465186.455392083, 000060, -3.0834074, 0.81506467, -1.634826, 0.520354, 0.06999815, -0.8501615, 0.039463196
465186.488739166, 000061, -3.097754, 0.81396765, -1.6280808, 0.51960766, 0.071490176, -0.85048133, 0.039730173
465186.522086291, 000062, -3.1126027, 0.81310785, -1.6201576, 0.519156, 0.07342695, -0.85057765, 0.040040527
465186.555433458, 000063, -3.1278186, 0.81270266, -1.6113927, 0.5194302, 0.07473391, -0.8502902, 0.040169355
465186.588780375, 000064, -3.1429753, 0.81290114, -1.6027197, 0.5195308, 0.07568283, -0.8501215, 0.040660013
465186.622127541, 000065, -3.1581416, 0.81369203, -1.5937275, 0.51886654, 0.07559128, -0.85042816, 0.042839643
465186.655474708, 000066, -3.1730838, 0.81484205, -1.5845975, 0.5181663, 0.0749662, -0.8508005, 0.044967804
465186.68882175, 000067, -3.1874876, 0.81620073, -1.575841, 0.5173401, 0.07461996, -0.8513016, 0.045570493
465186.722168833, 000068, -3.2016492, 0.8179092, -1.5674875, 0.51571, 0.07409158, -0.8523814, 0.044714957
465186.755515958, 000069, -3.2154176, 0.8197283, -1.5592978, 0.51353365, 0.07325359, -0.85385126, 0.043073718
465186.788863, 000070, -3.2282414, 0.82176155, -1.5511801, 0.51085985, 0.07118102, -0.8556585, 0.042474564
465186.822210208, 000071, -3.2407417, 0.82381326, -1.5431901, 0.5075403, 0.068144694, -0.8578324, 0.043389533
465186.85555725, 000072, -3.253161, 0.8255752, -1.5350779, 0.50398666, 0.064695604, -0.8601159, 0.044858053
465186.888904375, 000073, -3.2658093, 0.8268275, -1.5276152, 0.5008805, 0.062312786, -0.8620144, 0.046551216
465186.922251458, 000074, -3.279013, 0.82747495, -1.5196475, 0.49760616, 0.06208444, -0.8638071, 0.04869208
465186.9555985, 000075, -3.2927647, 0.8273861, -1.5112593, 0.49425673, 0.064104065, -0.8654918, 0.05024833
465186.988945666, 000076, -3.3073215, 0.82671076, -1.5031004, 0.490093, 0.06764457, -0.8675358, 0.051133774
465187.022292791, 000077, -3.3218043, 0.8257309, -1.4948256, 0.48468968, 0.07143194, -0.8701512, 0.053011622
465187.055639833, 000078, -3.336122, 0.8245934, -1.4865142, 0.4794953, 0.073947944, -0.8726677, 0.0553806
465187.088987, 000079, -3.3504937, 0.8233607, -1.4779168, 0.4766606, 0.07486299, -0.8740707, 0.05648541
465187.122334, 000080, -3.364624, 0.82200706, -1.4697677, 0.47477695, 0.07568453, -0.87501526, 0.056630567
465187.155681166, 000081, -3.378628, 0.820597, -1.4620466, 0.4721278, 0.077008955, -0.8763135, 0.056916974
465187.189028166, 000082, -3.3920636, 0.8190692, -1.4544135, 0.4676997, 0.0793268, -0.87840825, 0.05799246
465187.222375291, 000083, -3.4054196, 0.8174011, -1.4475138, 0.46125308, 0.08271907, -0.88137585, 0.059831418
465187.255722416, 000084, -3.418978, 0.8158888, -1.441087, 0.45460457, 0.085631415, -0.8844158, 0.06172954
465187.289069416, 000085, -3.4322994, 0.81460077, -1.4353931, 0.44860566, 0.088104025, -0.88714606, 0.06294827
465187.322416583, 000086, -3.446223, 0.81334865, -1.4290767, 0.44393882, 0.089605376, -0.8893647, 0.06260648
465187.35576375, 000087, -3.460692, 0.8121921, -1.4224228, 0.4399417, 0.089519955, -0.8914462, 0.061327647
465187.389110791, 000088, -3.475781, 0.810964, -1.4150662, 0.43511596, 0.09008113, -0.89383996, 0.060080543
465187.422457916, 000089, -3.4915166, 0.80963004, -1.4076736, 0.4292823, 0.09126537, -0.89659476, 0.059204407
465187.455804916, 000090, -3.5078769, 0.80825573, -1.4000729, 0.42366916, 0.092376664, -0.8992116, 0.058219157
465187.489152041, 000091, -3.525098, 0.8061612, -1.3916492, 0.4179329, 0.094054066, -0.90180916, 0.056798905
465187.522499166, 000092, -3.5424793, 0.80525625, -1.3836807, 0.41085547, 0.096675724, -0.90480757, 0.05634564
465187.555846208, 000093, -3.559894, 0.80517423, -1.3757677, 0.40393418, 0.099369146, -0.90768343, 0.05543965
465187.589193333, 000094, -3.5760217, 0.80537874, -1.367783, 0.39753902, 0.09998287, -0.9105622, 0.05331564
465187.622540375, 000095, -3.5925903, 0.8059791, -1.3598349, 0.39128828, 0.10098071, -0.9133321, 0.050207153
465187.6558875, 000096, -3.6092281, 0.8069813, -1.3517373, 0.38448223, 0.10069406, -0.91639316, 0.04751474
465187.689234541, 000097, -3.6251755, 0.80721194, -1.3434689, 0.37642413, 0.101768695, -0.9197199, 0.04542483
465187.72258175, 000098, -3.6406744, 0.80788416, -1.3353436, 0.3681084, 0.102958634, -0.923054, 0.04320868
465187.755928833, 000099, -3.655534, 0.8089689, -1.3277973, 0.35918275, 0.10370809, -0.9265739, 0.04114752
465187.789275875, 000100, -3.6682677, 0.8098983, -1.3206546, 0.35075045, 0.103527226, -0.92989486, 0.039391212
465187.822622958, 000101, -3.6815844, 0.8105228, -1.3133919, 0.34330916, 0.10402728, -0.9326855, 0.03761412
465187.85597, 000102, -3.6947572, 0.8107086, -1.3060116, 0.3361507, 0.1043513, -0.93531984, 0.0359217
465187.889317208, 000103, -3.7068806, 0.8103815, -1.2974582, 0.3285281, 0.10551132, -0.93792284, 0.03517521
465187.922664166, 000104, -3.719066, 0.80968916, -1.2892362, 0.32070032, 0.107952535, -0.94033295, 0.03565695
465187.956011333, 000105, -3.7310646, 0.808806, -1.2812684, 0.31297985, 0.11007797, -0.9426448, 0.036706127
465187.989358375, 000106, -3.743488, 0.80775356, -1.2729065, 0.3066753, 0.11178474, -0.9444974, 0.03713529
465188.022705541, 000107, -3.7551641, 0.8065748, -1.2646015, 0.3018881, 0.1131043, -0.9458925, 0.03685453
465188.056052541, 000108, -3.766395, 0.8052719, -1.2562493, 0.2972007, 0.11408867, -0.9472704, 0.036527257
465188.089399666, 000109, -3.7801263, 0.80406445, -1.2477431, 0.29195577, 0.116043486, -0.94866943, 0.036357775
465188.122746833, 000110, -3.7917478, 0.80242074, -1.2390511, 0.28638396, 0.11855112, -0.9500485, 0.03657395
465188.156093833, 000111, -3.8026323, 0.80075467, -1.2301397, 0.28115386, 0.12021212, -0.95137274, 0.037301674
465188.189441041, 000112, -3.8158553, 0.7989881, -1.220425, 0.27686334, 0.12187835, -0.95239115, 0.03799261
465188.222788041, 000113, -3.827284, 0.79745907, -1.2108212, 0.27241, 0.12424185, -0.95333356, 0.03888087
465188.256135083, 000114, -3.8378894, 0.79607934, -1.2010676, 0.2681203, 0.1262115, -0.9542514, 0.03982898
465188.28948225, 000115, -3.8497856, 0.79539347, -1.1911595, 0.26462725, 0.12684703, -0.95512253, 0.040288206
465188.32282925, 000116, -3.860352, 0.7947658, -1.1812558, 0.259677, 0.12648886, -0.9565114, 0.040674634
465188.356176416, 000117, -3.8703628, 0.7940802, -1.1712574, 0.2538963, 0.1266165, -0.95805806, 0.04036868
465188.389523541, 000118, -3.882704, 0.7940195, -1.1604098, 0.24912359, 0.12522872, -0.95954406, 0.039119124
465188.422870583, 000119, -3.8932009, 0.7937274, -1.1497368, 0.2450586, 0.123587646, -0.96085984, 0.03769229
465188.45621775, 000120, -3.9029098, 0.79351836, -1.1392606, 0.24121055, 0.122672744, -0.9619904, 0.03665145
465188.489564833, 000121, -3.9141114, 0.79375005, -1.1291937, 0.23821668, 0.12074161, -0.96302086, 0.035567053
465188.522911875, 000122, -3.9238684, 0.7944045, -1.1197048, 0.23545657, 0.118946224, -0.96398395, 0.033866227
465188.556259, 000123, -3.9330213, 0.79522467, -1.1107713, 0.23116858, 0.11893821, -0.9650985, 0.03161643
465188.589606083, 000124, -3.9432585, 0.79685783, -1.1014895, 0.22537753, 0.118775226, -0.96655667, 0.029421635
465188.622953166, 000125, -3.9520106, 0.79824156, -1.0934051, 0.21986966, 0.11793462, -0.9680161, 0.026336117
465188.656300208, 000126, -3.9600883, 0.7996635, -1.0859467, 0.21546464, 0.1163703, -0.969261, 0.023792125
465188.689647333, 000127, -3.9684722, 0.80059624, -1.0789903, 0.21288009, 0.11524292, -0.969995, 0.022599898
465188.722994458, 000128, -3.9760725, 0.80150306, -1.0718758, 0.21094692, 0.11455248, -0.970501, 0.022513753
465188.756341541, 000129, -3.983233, 0.80217934, -1.064943, 0.20761088, 0.11461656, -0.97119045, 0.023448372
465188.789688666, 000130, -3.9905171, 0.80266553, -1.057604, 0.20319594, 0.116230085, -0.9718977, 0.024834936
465188.823035625, 000131, -3.9975533, 0.80277926, -1.0507667, 0.19854648, 0.11842093, -0.9725617, 0.026064724
465188.856382708, 000132, -4.00463, 0.8028839, -1.0442708, 0.19431734, 0.12006454, -0.97319204, 0.026878064
465188.889729791, 000133, -4.0143275, 0.803173, -1.0363879, 0.19078608, 0.121047094, -0.973744, 0.027765624
465188.923076916, 000134, -4.0223317, 0.8033434, -1.0297208, 0.18735155, 0.122528635, -0.9741885, 0.029031623
465188.956424125, 000135, -4.0296807, 0.8033762, -1.0237086, 0.18280296, 0.12363744, -0.9748724, 0.030340709
465188.989771041, 000136, -4.040131, 0.8030605, -1.0165325, 0.17688896, 0.12414511, -0.97585577, 0.03168108
465189.02311825, 000137, -4.048129, 0.80273956, -1.0105841, 0.17131077, 0.1246331, -0.9767799, 0.031942844
465189.056465333, 000138, -4.055266, 0.8023167, -1.0048506, 0.16646373, 0.12566751, -0.97750145, 0.03144014
465189.089812416, 000139, -4.0649824, 0.80267215, -0.9970197, 0.16167991, 0.12579228, -0.9783119, 0.030686993
465189.123159541, 000140, -4.0725727, 0.8024758, -0.99105304, 0.15546566, 0.12551372, -0.9793588, 0.030544985
465189.156506541, 000141, -4.0797625, 0.8021314, -0.9857028, 0.14752644, 0.12543519, -0.9805934, 0.030634636
465189.18985375, 000142, -4.0903025, 0.8017873, -0.97827023, 0.14037627, 0.12561904, -0.9816381, 0.030018248
465189.223200833, 000143, -4.098961, 0.80118644, -0.97190934, 0.13463163, 0.1255381, -0.9824932, 0.028662045
465189.256547833, 000144, -4.107274, 0.8007604, -0.96605176, 0.12735277, 0.12562321, -0.9834703, 0.028038174
465189.289894958, 000145, -4.116833, 0.8005427, -0.9587558, 0.119802564, 0.12589398, -0.98439336, 0.027709858
465189.323242125, 000146, -4.125879, 0.8004182, -0.95224136, 0.11264352, 0.12652291, -0.9851772, 0.027002946
465189.356589125, 000147, -4.1347237, 0.8005619, -0.94644004, 0.10478289, 0.12742585, -0.9859544, 0.026020357
465189.389936208, 000148, -4.142392, 0.80053127, -0.94165, 0.09757093, 0.12833291, -0.98662716, 0.024028601
465189.423283333, 000149, -4.1511374, 0.8010039, -0.9363727, 0.08976385, 0.12851246, -0.9873914, 0.022022894
465189.456630458, 000150, -4.1600885, 0.80184966, -0.93116874, 0.08144978, 0.12877305, -0.98811233, 0.020432627
465189.4899775, 000151, -4.166792, 0.80265003, -0.9276765, 0.07379366, 0.1282669, -0.9888165, 0.01854641
465189.523324583, 000152, -4.174844, 0.8037107, -0.9233864, 0.06699137, 0.12703632, -0.9895026, 0.016078146
465189.55667175, 000153, -4.1830664, 0.8048052, -0.91915625, 0.05876202, 0.12557068, -0.990241, 0.0142082935
465189.590018666, 000154, -4.189599, 0.805747, -0.9155386, 0.05010577, 0.12474936, -0.99084204, 0.012608258
465189.623365791, 000155, -4.197122, 0.8061676, -0.91109616, 0.04160346, 0.12495394, -0.9912311, 0.010790807
465189.656712833, 000156, -4.204728, 0.8062363, -0.9064247, 0.03264414, 0.12602046, -0.9914472, 0.009248252
465189.690060041, 000157, -4.211209, 0.8066488, -0.9028825, 0.023439337, 0.1277113, -0.9915022, 0.00798741
465189.723407041, 000158, -4.2177386, 0.8065588, -0.89884126, 0.014541547, 0.12925051, -0.9914848, 0.0063794367
465189.756754166, 000159, -4.224052, 0.8063815, -0.8948901, 0.00601112, 0.13030496, -0.9914457, 0.004449893
465189.790101208, 000160, -4.229811, 0.8068265, -0.89246225, -0.0020222736, 0.13033614, -0.99146485, 0.0024008167
465189.823448333, 000161, -4.2352605, 0.806641, -0.888712, -0.009992753, 0.13108175, -0.99132097, 0.0006212395
465189.856795541, 000162, -4.24021, 0.806322, -0.8842307, -0.017863143, 0.13188985, -0.9911034, -9.795897e-05
465189.8901425, 000163, -4.2458587, 0.80546135, -0.8786656, -0.026316416, 0.1320956, -0.9908875, 0.0001739682
465189.923489625, 000164, -4.2503924, 0.8049568, -0.87327164, -0.034365334, 0.13228421, -0.99061584, 0.00030451838
465189.95683675, 000165, -4.254494, 0.8044675, -0.8677317, -0.041196197, 0.13241197, -0.99033827, 2.9025474e-05
465189.990183833, 000166, -4.259739, 0.8037546, -0.8611119, -0.047136363, 0.13220023, -0.9901016, -0.00040244832
465190.023530875, 000167, -4.2637553, 0.80280155, -0.8546962, -0.052521933, 0.13222577, -0.9898265, -0.0011171468
465190.056877958, 000168, -4.26737, 0.80172575, -0.8480798, -0.058546368, 0.13269342, -0.9894256, -0.0012841235
465190.090225083, 000169, -4.271472, 0.8010564, -0.84137124, -0.06507857, 0.13376701, -0.9888731, -0.0009486509
465190.123572166, 000170, -4.2747808, 0.7999111, -0.8337683, -0.07073704, 0.13494495, -0.98832464, -0.00064962864
465190.156919291, 000171, -4.2778573, 0.7986335, -0.8252823, -0.07472271, 0.13553242, -0.9879508, -0.000779685
465190.190266291, 000172, -4.281564, 0.7973454, -0.8144182, -0.07689754, 0.13582388, -0.98774236, -0.0019331105
465190.223613458, 000173, -4.284819, 0.7958725, -0.80385643, -0.079477474, 0.13625665, -0.98747545, -0.0030977607
465190.2569605, 000174, -4.2879868, 0.794402, -0.7930035, -0.08319573, 0.13754907, -0.9869868, -0.00395621
465190.290307583, 000175, -4.292765, 0.7924474, -0.7799785, -0.08733039, 0.13938536, -0.98636866, -0.0046939147
465190.323654708, 000176, -4.2963176, 0.7912735, -0.76785505, -0.09116306, 0.14070362, -0.9858317, -0.0052587367
465190.35700175, 000177, -4.2995067, 0.79058367, -0.75577176, -0.0936661, 0.14045244, -0.98562616, -0.0063863215
465190.390348833, 000178, -4.303606, 0.7901741, -0.7425305, -0.09585644, 0.13996352, -0.9854743, -0.00788541
465190.423695916, 000179, -4.3070736, 0.7902991, -0.73029625, -0.098575465, 0.13862622, -0.9853829, -0.009283663
465190.457042958, 000180, -4.310468, 0.7908396, -0.7179964, -0.100868985, 0.13710894, -0.98535174, -0.010416113
465190.490390125, 000181, -4.3148403, 0.7916351, -0.70493674, -0.102793396, 0.13635695, -0.98523855, -0.012051973
465190.523737125, 000182, -4.318608, 0.7924298, -0.69218534, -0.10560444, 0.13615581, -0.9849472, -0.013722304
465190.557084208, 000183, -4.322224, 0.7932788, -0.67977923, -0.10968141, 0.13509054, -0.9846232, -0.015421485
465190.590431416, 000184, -4.3271713, 0.7941229, -0.668058, -0.115858644, 0.13487585, -0.9839018, -0.017958151
465190.623778416, 000185, -4.3311224, 0.7949176, -0.6564057, -0.12260705, 0.1336371, -0.98320615, -0.02035216
465190.657125625, 000186, -4.3341928, 0.79572695, -0.64457285, -0.12852107, 0.13247618, -0.9825807, -0.021621287
465190.690472583, 000187, -4.3377275, 0.79723775, -0.6330531, -0.13363472, 0.1316911, -0.9820047, -0.021584583
465190.72381975, 000188, -4.3403144, 0.79766303, -0.6211592, -0.13815872, 0.13214715, -0.9813378, -0.020625558
465190.757166791, 000189, -4.3424187, 0.7974943, -0.60912025, -0.1424001, 0.13419756, -0.98046905, -0.019840283
465190.790513833, 000190, -4.3447046, 0.79770964, -0.59751433, -0.1472486, 0.13688667, -0.9793968, -0.019020775
465190.823861, 000191, -4.346648, 0.7975764, -0.58589065, -0.15259983, 0.13979289, -0.97817874, -0.018373318
465190.857208041, 000192, -4.34855, 0.7976795, -0.5742553, -0.15700424, 0.14185733, -0.9771847, -0.018330622
465190.890555083, 000193, -4.3505344, 0.79807043, -0.5626218, -0.16095728, 0.14210267, -0.97649574, -0.018856546
465190.92390225, 000194, -4.352327, 0.7985471, -0.5513979, -0.16460718, 0.14159235, -0.97593373, -0.020228948
465190.95724925, 000195, -4.3540387, 0.7990199, -0.5404913, -0.1689907, 0.13975513, -0.97542983, -0.021148212
465190.990596375, 000196, -4.3550878, 0.7988701, -0.5286109, -0.17467679, 0.13865922, -0.9745759, -0.021528069
465191.023943458, 000197, -4.35637, 0.7986822, -0.5172707, -0.180193, 0.13875127, -0.9735503, -0.021867499
465191.0572905, 000198, -4.3575783, 0.79836184, -0.5060751, -0.18548134, 0.13894336, -0.9725349, -0.02161395
465191.090637583, 000199, -4.358463, 0.7981592, -0.49394292, -0.19104545, 0.13906701, -0.97145134, -0.02107961
465191.123984625, 000200, -4.359471, 0.7974353, -0.4822325, -0.19637293, 0.13976581, -0.97027916, -0.021483347
465191.15733175, 000201, -4.36064, 0.7967887, -0.47043765, -0.20224781, 0.1391265, -0.9691706, -0.021166064
465191.190678875, 000202, -4.3621154, 0.7967684, -0.45686257, -0.20699841, 0.138233, -0.96829903, -0.020980746
465191.224025916, 000203, -4.3632994, 0.79640687, -0.44363165, -0.21193664, 0.1380641, -0.96725404, -0.020990651
465191.257372958, 000204, -4.3643064, 0.7961343, -0.4303965, -0.21845289, 0.13850005, -0.96574515, -0.020790892
465191.290720125, 000205, -4.3655605, 0.79599565, -0.4152316, -0.22595404, 0.13914831, -0.9639364, -0.020225832
465191.324067125, 000206, -4.366233, 0.7961363, -0.40111852, -0.23255023, 0.13989583, -0.9622645, -0.01991175
465191.357414291, 000207, -4.36648, 0.7964778, -0.3869474, -0.237943, 0.14054607, -0.96084416, -0.02021026
465191.390761375, 000208, -4.3676534, 0.7976389, -0.37216133, -0.24440469, 0.14068624, -0.9592068, -0.01989587
465191.424108458, 000209, -4.3679876, 0.7991555, -0.35844684, -0.25136793, 0.14065349, -0.957429, -0.01898526
465191.4574555, 000210, -4.3678584, 0.8006804, -0.34528232, -0.25767568, 0.13991612, -0.95587105, -0.018361837
465191.490802541, 000211, -4.368616, 0.8020177, -0.33196598, -0.2635554, 0.13874666, -0.95443374, -0.018550182
465191.524149625, 000212, -4.368264, 0.80308306, -0.31926608, -0.26944026, 0.13786246, -0.95289713, -0.01956883
465191.557496625, 000213, -4.3673606, 0.8038809, -0.30682832, -0.27553833, 0.13765317, -0.95115215, -0.020970413
465191.590843875, 000214, -4.3662686, 0.8044337, -0.29429007, -0.2813044, 0.13766533, -0.9494251, -0.022539103
465191.624190916, 000215, -4.3645177, 0.80475366, -0.28232062, -0.28682667, 0.13748877, -0.94776124, -0.023996737
465191.657537875, 000216, -4.3624973, 0.8049848, -0.27101672, -0.29193404, 0.13727301, -0.9461969, -0.025338002
465191.690884958, 000217, -4.361015, 0.80520296, -0.25995195, -0.29689902, 0.13756554, -0.9445625, -0.026987646
465191.724232083, 000218, -4.3584304, 0.8047731, -0.24892634, -0.30142963, 0.13887742, -0.942853, -0.029688813
465191.757579166, 000219, -4.355246, 0.8040296, -0.23800577, -0.30637395, 0.14008753, -0.9410084, -0.03183936
465191.79092625, 000220, -4.3528013, 0.8041062, -0.22590087, -0.3118795, 0.14156488, -0.9389427, -0.032820363
465191.824273333, 000221, -4.3494005, 0.8034932, -0.21480279, -0.31658038, 0.1435194, -0.9370228, -0.034166154
465191.857620375, 000222, -4.3457355, 0.8026634, -0.20411164, -0.31977636, 0.14371367, -0.93585086, -0.03567209
465191.8909675, 000223, -4.3418646, 0.8018916, -0.19169423, -0.32276815, 0.14274457, -0.9349233, -0.036918707
465191.924314458, 000224, -4.338241, 0.80110264, -0.1808835, -0.32648334, 0.14167932, -0.9337578, -0.037839763
465191.957661666, 000225, -4.334272, 0.8000684, -0.17007776, -0.33003014, 0.14149998, -0.9324997, -0.038756672
465191.991008708, 000226, -4.330113, 0.7995946, -0.15867132, -0.33311552, 0.14166735, -0.9313694, -0.038925778
465192.024355791, 000227, -4.325451, 0.7985989, -0.14747944, -0.33545128, 0.14149451, -0.9305667, -0.03869457
465192.057702875, 000228, -4.320562, 0.7974946, -0.13628249, -0.33750704, 0.1413538, -0.92983854, -0.038837932
465192.091049916, 000229, -4.31568, 0.796885, -0.12387952, -0.33971298, 0.14085586, -0.929119, -0.03863393
465192.124397, 000230, -4.310234, 0.79610723, -0.11184102, -0.34188667, 0.14099263, -0.9283098, -0.038410917
465192.157744041, 000231, -4.3041353, 0.79523695, -0.09991284, -0.34372494, 0.14072199, -0.9276907, -0.037952833
465192.191091166, 000232, -4.29822, 0.7945212, -0.08596055, -0.34571272, 0.14081156, -0.92692846, -0.038188845
465192.224438166, 000233, -4.291316, 0.7937265, -0.07326554, -0.34795684, 0.14104876, -0.9260154, -0.03907511
465192.257785333, 000234, -4.2839046, 0.79331005, -0.060995534, -0.35004082, 0.14091896, -0.9252292, -0.039549343
465192.291132375, 000235, -4.276837, 0.7933601, -0.047991607, -0.35191694, 0.14084603, -0.9245315, -0.039475333
465192.324479416, 000236, -4.2688994, 0.7940903, -0.035741445, -0.35299075, 0.14033467, -0.9241946, -0.03959746
465192.3578265, 000237, -4.260755, 0.79520065, -0.02374208, -0.35449123, 0.13906261, -0.923794, -0.040027857
465192.391173625, 000238, -4.254119, 0.796464, -0.012564759, -0.35738117, 0.13811037, -0.922796, -0.040642526
465192.424520625, 000239, -4.246527, 0.7978305, -0.0013676584, -0.360487, 0.13663441, -0.92180836, -0.04061329
465192.457867708, 000240, -4.2388425, 0.798925, 0.009418458, -0.3627234, 0.13459791, -0.92123866, -0.040427778
465192.49121475, 000241, -4.232256, 0.80009943, 0.020048227, -0.36462185, 0.13299666, -0.92077476, -0.03919898
465192.524561916, 000242, -4.22503, 0.80072635, 0.029960144, -0.36736083, 0.13268535, -0.9197951, -0.037649076
465192.557908916, 000243, -4.217839, 0.80089015, 0.039558157, -0.37062603, 0.13325872, -0.91843855, -0.036728498
465192.591255958, 000244, -4.2112513, 0.8011869, 0.04845072, -0.37420753, 0.13491885, -0.9167089, -0.037556197
465192.624603125, 000245, -4.204135, 0.8007791, 0.057660174, -0.3781561, 0.13706596, -0.91471297, -0.038871698
465192.657950125, 000246, -4.196991, 0.80041486, 0.06681368, -0.38108665, 0.13902284, -0.9131308, -0.040469192
465192.691297166, 000247, -4.1908946, 0.80009, 0.0756886, -0.38330194, 0.14032768, -0.91196144, -0.04140206
465192.724644375, 000248, -4.184638, 0.8000386, 0.08432858, -0.38587776, 0.14111875, -0.9107481, -0.041492783
465192.757991333, 000249, -4.1783557, 0.80000645, 0.09274028, -0.389012, 0.14201526, -0.9092582, -0.041843366
465192.791338458, 000250, -4.173097, 0.8001011, 0.103591815, -0.3930298, 0.1427156, -0.9074196, -0.041826516
465192.824685416, 000251, -4.167324, 0.79994386, 0.112577, -0.39683726, 0.14385226, -0.90557045, -0.04205861
465192.858032583, 000252, -4.161586, 0.79966664, 0.121293105, -0.4004667, 0.14492452, -0.9037886, -0.042300995
465192.891379583, 000253, -4.1564226, 0.7995446, 0.13076915, -0.40404862, 0.14586909, -0.9020238, -0.04266096
465192.924726708, 000254, -4.1511397, 0.79889387, 0.13971093, -0.408483, 0.14739767, -0.89975774, -0.04302886
465192.958073666, 000255, -4.145884, 0.79808927, 0.14857078, -0.4132169, 0.14937948, -0.8972296, -0.043779626
465192.991420833, 000256, -4.140121, 0.79719985, 0.15897141, -0.417686, 0.15043473, -0.89495677, -0.04427338
465193.024767916, 000257, -4.1350055, 0.79660434, 0.1681209, -0.4222185, 0.15087739, -0.8927405, -0.04451922
465193.058115041, 000258, -4.1299133, 0.7960698, 0.17736785, -0.42653283, 0.1513025, -0.89059204, -0.044977956
465193.091462125, 000259, -4.1243834, 0.795362, 0.18744758, -0.4308454, 0.1518963, -0.8883721, -0.04576765
465193.124809083, 000260, -4.1189046, 0.7945716, 0.19751602, -0.43525884, 0.15221134, -0.8861227, -0.046561245
465193.15815625, 000261, -4.113651, 0.7938837, 0.2078217, -0.44038925, 0.15236916, -0.8835189, -0.047278028
465193.191503208, 000262, -4.108821, 0.79337835, 0.21834756, -0.44602805, 0.1518833, -0.88071716, -0.048245553
465193.224850333, 000263, -4.103872, 0.7930092, 0.22887804, -0.4512094, 0.15132813, -0.878069, -0.05004689
465193.258197291, 000264, -4.098918, 0.79278976, 0.23942235, -0.45564675, 0.15043435, -0.87578934, -0.052426502
465193.291544458, 000265, -4.093948, 0.7929855, 0.2507631, -0.45948127, 0.14869806, -0.8739249, -0.054963596
465193.3248915, 000266, -4.0887666, 0.79321235, 0.2618134, -0.46468672, 0.14792241, -0.8711596, -0.05715003
465193.358238625, 000267, -4.0835648, 0.79387593, 0.27287373, -0.4712044, 0.14752895, -0.8676782, -0.057758678
465193.391585666, 000268, -4.0793033, 0.7952103, 0.28516024, -0.47773808, 0.14750065, -0.86406726, -0.058289018
465193.424932708, 000269, -4.074342, 0.7961445, 0.29650277, -0.48347095, 0.14710066, -0.8608795, -0.059192017
465193.458279833, 000270, -4.0694423, 0.7968659, 0.3074226, -0.48863658, 0.14604779, -0.8580655, -0.060231652
465193.491626916, 000271, -4.065903, 0.7976494, 0.31799984, -0.49443203, 0.14502764, -0.85479814, -0.061838295
465193.524973916, 000272, -4.061483, 0.7976734, 0.3282331, 0.50095, -0.1446916, 0.8509027, 0.06385833
465193.558321, 000273, -4.056824, 0.7973855, 0.33809075, 0.5081073, -0.14540721, 0.8463676, 0.0659212
465193.591668125, 000274, -4.0530124, 0.7973317, 0.34705395, 0.5148291, -0.14640576, 0.8419671, 0.0678798
465193.625015166, 000275, -4.0486298, 0.7971629, 0.35602444, 0.5202609, -0.1472375, 0.838305, 0.06996024
465193.658362208, 000276, -4.0442624, 0.7969446, 0.36474144, 0.5248234, -0.14680217, 0.8353823, 0.07173376
465193.691709291, 000277, -4.040375, 0.79623884, 0.37217662, 0.5291259, -0.14669767, 0.8325033, 0.07378241
465193.725056416, 000278, -4.0356812, 0.7956414, 0.38028216, 0.5337431, -0.14753978, 0.82920706, 0.07593356
465193.758403333, 000279, -4.0309196, 0.79532397, 0.3884365, 0.53899586, -0.1482038, 0.82559973, 0.07683774
465193.7917505, 000280, -4.0266767, 0.7943158, 0.39565915, 0.5436563, -0.14924094, 0.82228255, 0.07756536
465193.825097458, 000281, -4.0221963, 0.7941709, 0.4035946, 0.547042, -0.14955197, 0.8199422, 0.077936955
465193.858444541, 000282, -4.01781, 0.79411113, 0.41159016, 0.54920053, -0.14826553, 0.8187077, 0.07819085
465193.891791583, 000283, -4.0139656, 0.7936206, 0.41932034, 0.55183405, -0.14689352, 0.8170762, 0.079295024
465193.925138708, 000284, -4.009863, 0.7932828, 0.4275151, 0.5552293, -0.14552213, 0.81493014, 0.08020267
465193.958485833, 000285, -4.0053086, 0.7929128, 0.43599093, 0.55859506, -0.14440073, 0.8127929, 0.08054499
465193.991832833, 000286, -4.000567, 0.79231834, 0.44504857, 0.5621482, -0.14415419, 0.8103805, 0.08057497
465194.025179916, 000287, -3.9954271, 0.7917885, 0.4542166, 0.5657745, -0.14435743, 0.8078294, 0.08044572
465194.058527, 000288, -3.9899147, 0.7909176, 0.46366107, 0.56903327, -0.14449964, 0.80545926, 0.08097001
465194.091874041, 000289, -3.9847713, 0.7900137, 0.473728, 0.5720886, -0.14473209, 0.8031433, 0.08202445
465194.125221083, 000290, -3.978821, 0.788706, 0.48376185, 0.57505935, -0.14583626, 0.80072755, 0.08290866
465194.158568083, 000291, -3.9725916, 0.78740567, 0.49418038, 0.5776368, -0.14680022, 0.79868996, 0.08294465
465194.191915166, 000292, -3.9665792, 0.78632855, 0.5049499, 0.5799771, -0.14792706, 0.79678625, 0.0829197
465194.225262291, 000293, -3.9605246, 0.78532445, 0.5159504, 0.58300203, -0.1483046, 0.7945447, 0.082541026
465194.258609375, 000294, -3.9544597, 0.7842503, 0.52715576, 0.5869619, -0.1484292, 0.791497, 0.08352824
465194.291956375, 000295, -3.9490554, 0.78326184, 0.5395516, 0.59089655, -0.148369, 0.7882953, 0.08612997
465194.325303416, 000296, -3.9434009, 0.78247523, 0.5515457, 0.59473115, -0.14795025, 0.78525656, 0.088190384
465194.3586505, 000297, -3.937882, 0.7820962, 0.5633097, 0.5991836, -0.14647914, 0.78206193, 0.088892534
465194.391997666, 000298, -3.9328885, 0.78150535, 0.5748266, 0.6033008, -0.14467722, 0.77921975, 0.088956445
465194.425344625, 000299, -3.9274783, 0.78182554, 0.58699703, 0.606101, -0.14285876, 0.77738094, 0.088947915
465194.458691708, 000300, -3.9221485, 0.7825301, 0.59922916, 0.6088397, -0.1419687, 0.77537304, 0.08919471
465194.49203875, 000301, -3.9175203, 0.78345495, 0.61109596, 0.6115649, -0.1404354, 0.7736438, 0.08798565
465194.525385875, 000302, -3.9122062, 0.7847013, 0.6233461, 0.6143324, -0.14045946, 0.77179587, 0.08484124
465194.558732916, 000303, -3.9063966, 0.7859319, 0.6357947, 0.616239, -0.14321156, 0.7700356, 0.08237143
465194.592079958, 000304, -3.9005637, 0.7863337, 0.64905393, 0.61699617, -0.14436029, 0.7695222, 0.07944421
465194.625427, 000305, -3.8946328, 0.7868857, 0.6612438, 0.6187824, -0.14603597, 0.76799154, 0.07727036
465194.658774083, 000306, -3.8883023, 0.7872493, 0.67314684, 0.6197313, -0.15211907, 0.76600856, 0.077612616
465194.692121083, 000307, -3.8827024, 0.7867935, 0.6864426, 0.6217498, -0.15604897, 0.7636522, 0.07688337
465194.725468166, 000308, -3.8774185, 0.78646106, 0.6980037, 0.6251637, -0.15788908, 0.7605042, 0.07664719
465194.75881525, 000309, -3.8722425, 0.78626645, 0.7092046, 0.6287637, -0.15949315, 0.7572456, 0.07613992
465194.792162291, 000310, -3.866984, 0.7856075, 0.72085726, 0.6317742, -0.1592514, 0.754787, 0.07613742
465194.825509458, 000311, -3.861616, 0.7845186, 0.73216677, 0.634443, -0.15848239, 0.7524791, 0.07836167
465194.858856458, 000312, -3.8561234, 0.783106, 0.7435049, 0.6370283, -0.15777937, 0.75012535, 0.08131715
465194.8922035, 000313, -3.850788, 0.78162646, 0.75694203, 0.64015555, -0.15768582, 0.74719846, 0.083847746
465194.925550458, 000314, -3.8455763, 0.7800804, 0.76896596, 0.6436755, -0.15733753, 0.74394166, 0.086471945
465194.958897583, 000315, -3.8405855, 0.778664, 0.78103757, 0.6477399, -0.15635784, 0.74038094, 0.08843819
465194.992244666, 000316, -3.8361013, 0.7776154, 0.7940776, 0.6527151, -0.15546249, 0.7360157, 0.08986234
465195.025591791, 000317, -3.8317544, 0.7766484, 0.8070473, 0.65799284, -0.15482281, 0.73132133, 0.09079822
465195.058938875, 000318, -3.8274176, 0.775668, 0.82054275, 0.66241115, -0.15386027, 0.72739655, 0.09182968
465195.092285791, 000319, -3.823546, 0.7752549, 0.83459514, 0.6669342, -0.15284601, 0.72341156, 0.09226332
465195.125632958, 000320, -3.819556, 0.7746276, 0.84929186, 0.6722599, -0.15270135, 0.7184077, 0.092948265
465195.158979958, 000321, -3.8154683, 0.7741053, 0.86458284, 0.6778143, -0.15404435, 0.7126838, 0.09444497
465195.192327041, 000322, -3.8113468, 0.77350247, 0.8798918, 0.68292904, -0.15652052, 0.70697904, 0.0963828
465195.225673958, 000323, -3.8069715, 0.77318895, 0.89594495, 0.6878776, -0.15892091, 0.70124465, 0.09911893
465195.259021208, 000324, -3.8026435, 0.7732046, 0.91228265, 0.693056, -0.1596187, 0.6956245, 0.1014979
465195.29236825, 000325, -3.7986228, 0.7738685, 0.92808515, 0.6983676, -0.15920924, 0.6900016, 0.10408113
465195.325715208, 000326, -3.7947037, 0.7744919, 0.9436947, 0.7029504, -0.157517, 0.68538225, 0.10630257
465195.359062291, 000327, -3.790751, 0.77488476, 0.95911855, 0.7065423, -0.15689982, 0.6814211, 0.10883771
465195.392409291, 000328, -3.7865982, 0.77516043, 0.97394186, 0.71000516, -0.15765524, 0.6773006, 0.11091155
465195.425756416, 000329, -3.7827952, 0.7753809, 0.98867416, 0.7141479, -0.15926735, 0.6721606, 0.113255784
465195.4591035, 000330, -3.7793822, 0.7753499, 1.002845, 0.7186014, -0.15909635, 0.66704077, 0.115571715
465195.492450583, 000331, -3.7767959, 0.775507, 1.0163071, 0.7239608, -0.15734483, 0.6613909, 0.116984405
465195.525797625, 000332, -3.7742949, 0.77579343, 1.0293893, 0.7293763, -0.15650044, 0.6554198, 0.11807883
465195.559144666, 000333, -3.7712169, 0.7760928, 1.0418249, 0.7326207, -0.15599084, 0.6519413, 0.11792552
465195.59249175, 000334, -3.7675035, 0.77633095, 1.0532961, 0.73441577, -0.15611789, 0.65012306, 0.11662149
465195.62583875, 000335, -3.7637315, 0.7767687, 1.064586, 0.7372839, -0.1584302, 0.64654267, 0.11530333
465195.659185875, 000336, -3.759161, 0.77736056, 1.0756454, 0.7389286, -0.16318685, 0.64362675, 0.11445147
465195.692532875, 000337, -3.7535346, 0.7784042, 1.0875725, 0.73912936, -0.16425171, 0.64363176, 0.11156764
465195.725879875, 000338, -3.747323, 0.77813065, 1.0987809, 0.7385944, -0.16318421, 0.6448473, 0.10964116
465195.759227, 000339, -3.7411168, 0.7777711, 1.1100928, 0.7388511, -0.16395582, 0.6443392, 0.10974742
465195.792574083, 000340, -3.7353642, 0.77796763, 1.1224385, 0.74214673, -0.1667434, 0.63986456, 0.10949053
465195.825921166, 000341, -3.7295387, 0.7781644, 1.1342938, 0.7459938, -0.17263244, 0.63360846, 0.110597074
465195.859268125, 000342, -3.723287, 0.777842, 1.1453776, 0.7486745, -0.17464511, 0.6300418, 0.109694734
465195.892615208, 000343, -3.7168303, 0.7770037, 1.1566529, 0.74950176, -0.17188893, 0.63024306, 0.10721478
465195.92596225, 000344, -3.7096157, 0.77514005, 1.1670502, 0.7501054, -0.16906103, 0.63014644, 0.108054355
465195.959309291, 000345, -3.7015493, 0.77299136, 1.1769501, 0.7505036, -0.16899213, 0.6291897, 0.11093354
465195.992656333, 000346, -3.6933243, 0.76931673, 1.1878686, 0.75168276, -0.16690598, 0.6281246, 0.11213787
465196.026003416, 000347, -3.6849585, 0.76690435, 1.1981096, 0.7533516, -0.16401951, 0.6266037, 0.113695286
465196.059350458, 000348, -3.676281, 0.7648381, 1.2084467, 0.75548744, -0.16234197, 0.6240987, 0.11569216
465196.092697416, 000349, -3.6672359, 0.76256794, 1.2201825, 0.7577461, -0.16055588, 0.6215993, 0.11686324
465196.126044625, 000350, -3.6578572, 0.76058424, 1.2313981, 0.75964177, -0.15775454, 0.61972725, 0.11830441
465196.159391625, 000351, -3.648169, 0.75925493, 1.2424402, 0.7614478, -0.1551586, 0.617942, 0.119460456
465196.192738666, 000352, -3.6389654, 0.7590605, 1.2536349, 0.7636721, -0.15299791, 0.61549795, 0.120659485
465196.226085708, 000353, -3.6302097, 0.7589795, 1.2652098, 0.76782584, -0.15042634, 0.6105429, 0.12268914
465196.25943275, 000354, -3.6214247, 0.7590388, 1.276962, 0.77185243, -0.14823905, 0.6054776, 0.12516348
465196.292779833, 000355, -3.6128151, 0.76003253, 1.2895067, 0.77462, -0.1469644, 0.6015935, 0.12825985
465196.326126875, 000356, -3.6035252, 0.7608617, 1.3013687, 0.77630967, -0.14454776, 0.5997965, 0.12920275
465196.359473958, 000357, -3.5941331, 0.76184374, 1.3130158, 0.77751696, -0.1409584, 0.5988214, 0.13042612
465196.392821083, 000358, -3.5847962, 0.7633693, 1.3247652, 0.7780409, -0.13732694, 0.5988618, 0.13098934
465196.426168125, 000359, -3.5755713, 0.7654123, 1.3365127, 0.7783306, -0.13436714, 0.5998086, 0.12797108
465196.459515083, 000360, -3.5669003, 0.7673852, 1.348361, 0.78011364, -0.13325372, 0.5982353, 0.12562162
465196.492862125, 000361, -3.558379, 0.76948583, 1.3595693, 0.7833147, -0.13419795, 0.59398216, 0.12487625
465196.52620925, 000362, -3.5490491, 0.77075434, 1.3704935, 0.78442526, -0.13674298, 0.5919492, 0.12479796
465196.55955625, 000363, -3.539313, 0.771371, 1.3807224, 0.7839217, -0.1377531, 0.5926342, 0.12359392
465196.592903333, 000364, -3.5308778, 0.77176315, 1.390445, 0.78512067, -0.1375166, 0.5912229, 0.12300472
465196.626250375, 000365, -3.5223017, 0.77170825, 1.3997363, 0.78800267, -0.13868767, 0.586896, 0.12397792
465196.659597375, 000366, -3.5137155, 0.7716903, 1.4086901, 0.791445, -0.14134473, 0.5812624, 0.12558006
465196.6929445, 000367, -3.5051732, 0.7718768, 1.4176568, 0.7942844, -0.14296392, 0.57686913, 0.12607823
465196.726291583, 000368, -3.4965355, 0.7715748, 1.4264233, 0.7972241, -0.14234248, 0.57307285, 0.12553829
465196.759638541, 000369, -3.4878314, 0.77071035, 1.435252, 0.80101365, -0.14100952, 0.56801075, 0.12592556
465196.792985666, 000370, -3.4792807, 0.76944906, 1.44454, 0.805478, -0.1415508, 0.5611789, 0.1274631
465196.826332666, 000371, -3.4700322, 0.76852626, 1.4536092, 0.80976564, -0.14262943, 0.5545564, 0.12807639
465196.859679833, 000372, -3.46057, 0.76730376, 1.4627591, 0.81463987, -0.14208238, 0.54733336, 0.12884353
465196.893026791, 000373, -3.4522717, 0.7658352, 1.4728968, 0.8199969, -0.14108159, 0.5391947, 0.13026936
465196.926373833, 000374, -3.442999, 0.76372737, 1.4827244, 0.82517236, -0.14082871, 0.5304881, 0.13356715
465196.959720791, 000375, -3.4328527, 0.761239, 1.4923596, 0.83067226, -0.14169316, 0.52062637, 0.13731314
465196.993067916, 000376, -3.4228015, 0.7584655, 1.5020525, 0.83666366, -0.13991305, 0.51040787, 0.14107442
465197.026414958, 000377, -3.4116044, 0.75582135, 1.511924, 0.8414995, -0.13991804, 0.5007865, 0.14667806
465197.059762041, 000378, -3.3998055, 0.7542571, 1.5221941, 0.8457391, -0.14070415, 0.49221864, 0.15049411
465197.093109166, 000379, -3.3883498, 0.75351757, 1.5321369, 0.85099804, -0.14072639, 0.48207405, 0.15363273
465197.126456166, 000380, -3.376859, 0.7534961, 1.5427725, 0.85678136, -0.14020717, 0.47081086, 0.15685903
465197.15980325, 000381, -3.3650858, 0.75423133, 1.5531749, 0.8616283, -0.14105064, 0.46038282, 0.16046506
465197.193150208, 000382, -3.3537405, 0.755442, 1.562847, 0.8662669, -0.13875812, 0.45166424, 0.16225652
465197.226497291, 000383, -3.3430092, 0.75671905, 1.5725524, 0.87123436, -0.1354324, 0.44220242, 0.16451678
465197.259844291, 000384, -3.3326354, 0.758469, 1.5821321, 0.87607455, -0.13455541, 0.43190077, 0.16688275
465197.293191375, 000385, -3.32318, 0.7596983, 1.5908079, 0.8805492, -0.13451509, 0.4216663, 0.16951765
465197.3265385, 000386, -3.313726, 0.7607828, 1.5991219, 0.8845531, -0.131964, 0.41358435, 0.17058554
465197.3598855, 000387, -3.3044767, 0.7614261, 1.606548, 0.8877158, -0.12838733, 0.40766814, 0.17112541
465197.393232583, 000388, -3.2955053, 0.76259816, 1.6142501, 0.890406, -0.12663345, 0.40176988, 0.17240068
465197.426579583, 000389, -3.2868958, 0.76339257, 1.6205689, 0.8930155, -0.1273532, 0.39469793, 0.17469388
465197.459926625, 000390, -3.2786736, 0.76398444, 1.6263654, 0.8958244, -0.12794992, 0.38723725, 0.17656419
465197.493273625, 000391, -3.2701533, 0.7654087, 1.6325874, 0.8985505, -0.12816499, 0.3807682, 0.17662479
465197.526620666, 000392, -3.261987, 0.76578134, 1.6371124, 0.9007571, -0.12802145, 0.37530223, 0.1771876
465197.559967791, 000393, -3.2540257, 0.7657771, 1.6409265, 0.9029604, -0.12738639, 0.37001956, 0.17754097
465197.593314791, 000394, -3.2449417, 0.76540107, 1.6457306, 0.9052196, -0.12727319, 0.36453903, 0.17745507
465197.626661916, 000395, -3.2364254, 0.7648035, 1.6493443, 0.907701, -0.12745507, 0.35811123, 0.17773692
465197.660008875, 000396, -3.2278898, 0.7638418, 1.6516029, 0.90946996, -0.12749776, 0.35306218, 0.17876163
465197.693356041, 000397, -3.217515, 0.7623993, 1.6550616, 0.91098225, -0.12653515, 0.34950247, 0.1787406
465197.726703083, 000398, -3.2075777, 0.7606054, 1.6571937, 0.912647, -0.12566094, 0.34476668, 0.18005757
465197.76005, 000399, -3.197595, 0.758746, 1.6580716, 0.9138636, -0.12670422, 0.3396153, 0.18292299
465197.793397125, 000400, -3.1861334, 0.7563005, 1.6602501, 0.91463965, -0.12739287, 0.3362777, 0.18472317
465197.826744208, 000401, -3.1752217, 0.75346214, 1.6603968, 0.9154673, -0.12534438, 0.33402103, 0.18611357
465197.86009125, 000402, -3.1641052, 0.75034046, 1.6601508, 0.916567, -0.12256254, 0.33064044, 0.18857394
465197.893438291, 000403, -3.1517093, 0.7477681, 1.6612469, 0.9177658, -0.12044164, 0.32634237, 0.1915733
465197.926785291, 000404, -3.139183, 0.74499923, 1.6605171, 0.9190165, -0.117425494, 0.32267085, 0.19365817
465197.960132375, 000405, -3.126062, 0.7424641, 1.6593797, 0.9204983, -0.11394368, 0.3185737, 0.19547509
465197.993479416, 000406, -3.1117275, 0.74092144, 1.6601558, 0.9222227, -0.110985264, 0.31337038, 0.19745019
465198.026826458, 000407, -3.0974145, 0.7393142, 1.6590889, 0.9240931, -0.10743342, 0.30850938, 0.19832282
465198.060173416, 000408, -3.0826144, 0.73827565, 1.6577032, 0.9256508, -0.10501733, 0.30371484, 0.19974785
465198.0935205, 000409, -3.0679603, 0.737927, 1.6577322, 0.92727923, -0.10380942, 0.29766923, 0.2019151
465198.1268675, 000410, -3.0530488, 0.7377177, 1.6565875, 0.92898595, -0.102222346, 0.29043576, 0.20538437
465198.160214625, 000411, -3.03807, 0.7380299, 1.6553551, 0.9304809, -0.10061016, 0.2837156, 0.20877837
465198.193561583, 000412, -3.0224633, 0.7390252, 1.6561246, 0.93252254, -0.09807506, 0.2765337, 0.21050434
465198.226908666, 000413, -3.0075815, 0.7399378, 1.6552638, 0.9339786, -0.095040046, 0.2716297, 0.21182214
465198.260255791, 000414, -2.992781, 0.7409801, 1.6543639, 0.93555903, -0.09037088, 0.269526, 0.20956635
465198.293602791, 000415, -2.9777284, 0.7428228, 1.6557304, 0.9377335, -0.087387085, 0.26540187, 0.2063521
465198.326949791, 000416, -2.963173, 0.74500895, 1.6555552, 0.93963706, -0.0897259, 0.25844583, 0.20551713
465198.360296875, 000417, -2.949243, 0.7470415, 1.6548725, 0.94158983, -0.093040824, 0.24942233, 0.20625335
465198.393643875, 000418, -2.9351287, 0.7485296, 1.6537783, 0.94331807, -0.09448347, 0.24245627, 0.20600702
465198.426991041, 000419, -2.9218967, 0.74938154, 1.6515794, 0.9448472, -0.09290519, 0.23878877, 0.20399067
465198.460337958, 000420, -2.9090621, 0.74994355, 1.6496073, 0.9468054, -0.09077737, 0.23312548, 0.20241377
465198.493685, 000421, -2.8952217, 0.7512244, 1.6484785, 0.9490859, -0.09090366, 0.22325574, 0.20280355
465198.527032083, 000422, -2.882005, 0.7518562, 1.646421, 0.95118886, -0.0916718, 0.21402705, 0.2025547
465198.560379125, 000423, -2.8684776, 0.75176525, 1.6434629, 0.9527341, -0.09119778, 0.2083031, 0.20147058
465198.593726208, 000424, -2.8548453, 0.7509879, 1.6402358, 0.9542611, -0.09065839, 0.20289578, 0.20000009
465198.627073208, 000425, -2.840866, 0.75016683, 1.636923, 0.955722, -0.09144096, 0.19516483, 0.20036145
465198.660420208, 000426, -2.8267534, 0.7487267, 1.6333996, 0.9571689, -0.090929836, 0.18757516, 0.20093532
465198.693767291, 000427, -2.8119848, 0.7460138, 1.6293012, 0.95847064, -0.089367464, 0.18142243, 0.20108049
465198.727114291, 000428, -2.7974188, 0.74407667, 1.6253551, 0.9598758, -0.08795763, 0.17455685, 0.20107636
465198.760461416, 000429, -2.7827804, 0.74218565, 1.6215146, 0.9614774, -0.086484306, 0.16514581, 0.20201127
465198.7938085, 000430, -2.7678914, 0.7404875, 1.6176789, 0.9627129, -0.08489615, 0.15604274, 0.20402764
465198.827155541, 000431, -2.7525885, 0.73894936, 1.6129935, 0.9640093, -0.08272366, 0.14874756, 0.20424746
465198.8605025, 000432, -2.7370377, 0.7375502, 1.6082345, 0.96531904, -0.07982342, 0.14117533, 0.20458922
465198.893849583, 000433, -2.7211123, 0.7367694, 1.6042699, 0.96689653, -0.07629713, 0.13131961, 0.20504856
465198.927196666, 000434, -2.7053006, 0.736273, 1.6003039, 0.9684576, -0.073077045, 0.11964272, 0.2059983
465198.960543708, 000435, -2.6892219, 0.7358657, 1.5963148, 0.97014725, -0.06823003, 0.10947645, 0.20536281
465198.993890666, 000436, -2.6724975, 0.7353705, 1.5926025, 0.97171503, -0.06238366, 0.09971615, 0.20477979
465199.02723775, 000437, -2.6557298, 0.73597306, 1.5882957, 0.97274333, -0.06012941, 0.090423405, 0.20488651
465199.060584875, 000438, -2.6388338, 0.7371105, 1.5836598, 0.97311294, -0.059861574, 0.08087259, 0.20718953
465199.093931875, 000439, -2.6213367, 0.7387015, 1.5787675, 0.9736409, -0.05910324, 0.071862005, 0.20824492
465199.127278875, 000440, -2.6047814, 0.74062794, 1.5732715, 0.9738176, -0.06064259, 0.0650704, 0.20920707
465199.160625791, 000441, -2.5891774, 0.742291, 1.5678052, 0.97401714, -0.06183522, 0.059880063, 0.20947866
465199.193973, 000442, -2.574678, 0.7430455, 1.563236, 0.9744645, -0.059547763, 0.052224208, 0.21010879
465199.22732, 000443, -2.5612416, 0.74322855, 1.5586333, 0.9750327, -0.056630056, 0.043780092, 0.21020831
465199.260667041, 000444, -2.5487478, 0.7430676, 1.5531261, 0.97508085, -0.054227415, 0.037694238, 0.21179198
465199.294014083, 000445, -2.5356991, 0.7428717, 1.546719, 0.9747125, -0.053132616, 0.033283457, 0.214487
465199.327361083, 000446, -2.5244343, 0.7431079, 1.5398984, 0.9745132, -0.053168997, 0.029273026, 0.21596356
465199.360708125, 000447, -2.5140219, 0.74351376, 1.5331997, 0.974418, -0.05343187, 0.02363399, 0.21701637
465199.39405525, 000448, -2.5067549, 0.7439723, 1.5267589, 0.9741174, -0.051862758, 0.017557386, 0.21931098
465199.427402208, 000449, -2.497873, 0.7439056, 1.5197513, 0.97392577, -0.04985791, 0.01257494, 0.2209629
465199.460749375, 000450, -2.489183, 0.743677, 1.5126344, 0.9741479, -0.047220085, 0.00766533, 0.22078809
465199.494096291, 000451, -2.482148, 0.7436241, 1.5050243, 0.9744222, -0.04412803, 0.0016120316, 0.22034387
465199.527443291, 000452, -2.4737306, 0.7434326, 1.4970747, 0.9743101, -0.043110546, -0.0044132494, 0.22100182
465199.560790375, 000453, -2.4653182, 0.7430913, 1.4884866, 0.97413015, -0.043435402, -0.009381691, 0.2215757
465199.594137458, 000454, -2.4569042, 0.74139756, 1.4786689, 0.9741722, -0.042034913, -0.013497849, 0.22144845
465199.627484458, 000455, -2.4488873, 0.73990136, 1.4694166, 0.9744565, -0.03940845, -0.017880727, 0.22036722
465199.660831541, 000456, -2.4408457, 0.7385288, 1.4594961, 0.9743755, -0.03737651, -0.021208622, 0.22078387
465199.694178583, 000457, -2.4317286, 0.73694587, 1.4482297, 0.97418296, -0.03543085, -0.023258016, 0.22174579
465199.727525625, 000458, -2.423201, 0.7357229, 1.437141, 0.9743776, -0.03212684, -0.026078027, 0.22107935
465199.760872625, 000459, -2.4145584, 0.73506135, 1.4259422, 0.97490656, -0.028842177, -0.03049926, 0.21862097
465199.794219708, 000460, -2.4049702, 0.73511744, 1.4139705, 0.97487116, -0.027190689, -0.035170887, 0.21828826
465199.82756675, 000461, -2.3961036, 0.7352927, 1.4014868, 0.9750459, -0.025739279, -0.038521778, 0.21711512
465199.86091375, 000462, -2.3871777, 0.7355838, 1.3888822, 0.97503114, -0.024197249, -0.043195553, 0.21647842
465199.894260708, 000463, -2.3779938, 0.73640484, 1.3757315, 0.9746255, -0.023832496, -0.04760758, 0.2174181
465199.927607875, 000464, -2.3681712, 0.7375209, 1.3621496, 0.9744737, -0.023040097, -0.05025298, 0.21758856
465199.960954875, 000465, -2.3579452, 0.7391408, 1.3487419, 0.9743144, -0.021662446, -0.05427754, 0.21747658
465199.994301875, 000466, -2.3470511, 0.74142075, 1.3355569, 0.9734087, -0.022863397, -0.060180698, 0.21984316
465200.027648916, 000467, -2.3365877, 0.74427533, 1.3218676, 0.972861, -0.025967328, -0.06337725, 0.22102155
465200.060995916, 000468, -2.3268185, 0.7461606, 1.3083065, 0.973288, -0.025818987, -0.06342351, 0.21913718
465200.094343, 000469, -2.3193, 0.74577373, 1.2964276, 0.9741185, -0.023306573, -0.064379625, 0.21541868
465200.127690083, 000470, -2.310549, 0.7462934, 1.2842492, 0.973862, -0.023106236, -0.0679666, 0.2154981
465200.161037041, 000471, -2.302199, 0.7466107, 1.2718066, 0.97321725, -0.023977682, -0.07100303, 0.21732876
465200.194384208, 000472, -2.2948246, 0.74595046, 1.2589943, 0.9728936, -0.024073023, -0.071370766, 0.21864286
465200.22773125, 000473, -2.2876549, 0.7452966, 1.2466353, 0.9731459, -0.02315722, -0.0712872, 0.21764384
465200.26107825, 000474, -2.2804213, 0.7447997, 1.235188, 0.97282773, -0.021681461, -0.075508855, 0.2177944
465200.294425291, 000475, -2.2726943, 0.74470603, 1.2240722, 0.97178364, -0.021989077, -0.082115375, 0.22002293
465200.32777225, 000476, -2.2654517, 0.7447117, 1.2124046, 0.97100407, -0.023296151, -0.08692138, 0.22147913
465200.361119291, 000477, -2.2585537, 0.744094, 1.2004251, 0.9711004, -0.021922057, -0.08943541, 0.2201925
465200.394466333, 000478, -2.2511103, 0.7435651, 1.1885298, 0.9710034, -0.020820703, -0.09196179, 0.21968587
465200.427813416, 000479, -2.2437584, 0.7431496, 1.1762412, 0.9704217, -0.021019392, -0.094366014, 0.22121273
465200.461160458, 000480, -2.236239, 0.74280655, 1.164241, 0.9702859, -0.021060348, -0.09761654, 0.2203921
465200.494507416, 000481, -2.2279341, 0.7426759, 1.1523165, 0.9696588, -0.020627603, -0.103938274, 0.22030231
465200.5278545, 000482, -2.2198937, 0.74271053, 1.1406971, 0.9689418, -0.0207171, -0.111078285, 0.21996395
465200.561201541, 000483, -2.212144, 0.7427852, 1.1289256, 0.9684318, -0.020961689, -0.116767906, 0.219239
465200.594548625, 000484, -2.2040005, 0.74257445, 1.1165516, 0.96814346, -0.019134741, -0.12227258, 0.21767281
465200.627895625, 000485, -2.1957257, 0.7423338, 1.1048088, 0.9677004, -0.016535774, -0.1295942, 0.21561018
465200.661242583, 000486, -2.1871912, 0.7423303, 1.0930498, 0.9664826, -0.014714695, -0.13846405, 0.21569099
465200.694589666, 000487, -2.1788568, 0.74196047, 1.0799286, 0.96517235, -0.013076365, -0.14625742, 0.21651806
465200.727936625, 000488, -2.1700819, 0.7422828, 1.0665743, 0.9642768, -0.012281835, -0.152237, 0.21643305
465200.761283833, 000489, -2.1609936, 0.7429554, 1.0532857, 0.9633657, -0.011194967, -0.15781185, 0.2165563
465200.79463075, 000490, -2.1511197, 0.743697, 1.040267, 0.9620696, -0.009232427, -0.16505623, 0.21700998
465200.82797775, 000491, -2.14163, 0.7441454, 1.0275866, 0.960486, -0.0070615797, -0.17293586, 0.21796772
465200.861324958, 000492, -2.1325448, 0.7441942, 1.0149766, 0.9588271, -0.004254843, -0.18048875, 0.21921751
465200.894671916, 000493, -2.122587, 0.7440935, 1.0023742, 0.95755684, -0.0013788126, -0.1866602, 0.21963839
465200.928018958, 000494, -2.1134121, 0.74461657, 0.989397, 0.9561276, -0.0001162712, -0.19243771, 0.22087944
465200.961365875, 000495, -2.1048095, 0.74530804, 0.97662383, 0.9542351, 0.0006468404, -0.1992304, 0.22302978
465200.994713083, 000496, -2.0967474, 0.7455682, 0.9647014, 0.95232415, 0.0037951407, -0.20662914, 0.22442982
465201.028060041, 000497, -2.0896828, 0.7453518, 0.95256186, 0.951397, 0.00733797, -0.2115248, 0.22371197
465201.061407041, 000498, -2.0833008, 0.7454128, 0.9400711, 0.9507637, 0.008990828, -0.2149497, 0.22307874
465201.094754125, 000499, -2.077251, 0.7466399, 0.92761683, 0.94928575, 0.008175435, -0.2199736, 0.22450268
465201.128101166, 000500, -2.0717053, 0.7478447, 0.9151166, 0.9470787, 0.0062518213, -0.22613956, 0.227736
465201.161448166, 000501, -2.067002, 0.74869776, 0.9024328, 0.945492, 0.004388352, -0.2303326, 0.23015732
465201.194795208, 000502, -2.0629487, 0.74921405, 0.8899309, 0.9445365, 0.005578538, -0.23379935, 0.23055908
465201.22814225, 000503, -2.0589473, 0.7484551, 0.8783295, 0.94352865, 0.009324028, -0.23930201, 0.22891319
465201.261489291, 000504, -2.055161, 0.74753153, 0.8665321, 0.94190776, 0.012104302, -0.24508125, 0.22934347
465201.294836375, 000505, -2.0514262, 0.74735314, 0.8542093, 0.94071376, 0.013531186, -0.24937254, 0.22953823
465201.328183416, 000506, -2.0483785, 0.74626327, 0.84140724, 0.9400652, 0.015927266, -0.25217924, 0.22897464
465201.361530333, 000507, -2.0456047, 0.74479073, 0.8284469, 0.9397104, 0.01871712, -0.25491843, 0.22717983
465201.394877375, 000508, -2.041863, 0.7450904, 0.8141218, 0.93888706, 0.02034021, -0.25823796, 0.22669454
465201.4282245, 000509, -2.0387995, 0.74484944, 0.79987437, 0.93820363, 0.020330008, -0.26094314, 0.22642708
465201.461571541, 000510, -2.0358803, 0.74435866, 0.78541243, 0.937853, 0.02069957, -0.26280114, 0.22569652
465201.494918583, 000511, -2.0320427, 0.74416095, 0.7696669, 0.9377712, 0.022627681, -0.2649493, 0.22332709
465201.528265583, 000512, -2.0286086, 0.74396193, 0.7541053, 0.93700224, 0.024161832, -0.26846516, 0.22219242
465201.561612583, 000513, -2.0257955, 0.7434643, 0.73793465, 0.9359853, 0.026350489, -0.27112478, 0.22299874
465201.594959583, 000514, -2.0233216, 0.74280524, 0.7197992, 0.93603164, 0.030214116, -0.27074042, 0.22278117
465201.628306708, 000515, -2.0214105, 0.7419782, 0.701947, 0.9363495, 0.0344737, -0.26970822, 0.2220778
465201.661653625, 000516, -2.0195024, 0.74139583, 0.6843021, 0.93630654, 0.038363636, -0.26992825, 0.22135268
465201.695000708, 000517, -2.017612, 0.7410641, 0.666303, 0.9355285, 0.041031666, -0.2716566, 0.2220482
465201.72834775, 000518, -2.0156038, 0.7410307, 0.64821637, 0.9344066, 0.041419722, -0.27333245, 0.2246286
465201.76169475, 000519, -2.0136518, 0.7406706, 0.630473, 0.9343437, 0.042281188, -0.274047, 0.22385795
465201.795041791, 000520, -2.010926, 0.74015725, 0.6126624, 0.9342501, 0.04394431, -0.2751593, 0.22255991
465201.828388791, 000521, -2.0091805, 0.7401252, 0.59479904, 0.9340983, 0.04280296, -0.2753617, 0.22316857
465201.861735833, 000522, -2.0078728, 0.740393, 0.5771787, 0.9337531, 0.03997278, -0.27570525, 0.22470851
465201.895082875, 000523, -2.0057814, 0.7401735, 0.5603425, 0.9325447, 0.03889173, -0.2782699, 0.22674581
465201.928429916, 000524, -2.0040565, 0.7397056, 0.544182, 0.93100446, 0.03922066, -0.2823913, 0.2279198
465201.961776916, 000525, -2.0027106, 0.7393762, 0.52773774, 0.9299812, 0.03889428, -0.28465962, 0.22932754
465201.995124, 000526, -2.0008457, 0.7389592, 0.51116806, 0.9297643, 0.03775587, -0.2854718, 0.2293876
465202.028471083, 000527, -1.9988191, 0.73820907, 0.494294, 0.929655, 0.037881527, -0.2862903, 0.22878876
465202.061818125, 000528, -1.9967593, 0.73762685, 0.477064, 0.9287793, 0.03705547, -0.28837755, 0.22985712
465202.095165125, 000529, -1.9943956, 0.7368874, 0.45973253, 0.92751116, 0.034212243, -0.29032716, 0.23294348
465202.128512125, 000530, -1.9929532, 0.73590297, 0.44210643, 0.9268203, 0.0324621, -0.2909648, 0.23513786
465202.161859208, 000531, -1.9919934, 0.73451674, 0.42453212, 0.92642987, 0.03217011, -0.29140013, 0.23617528
465202.195206208, 000532, -1.9909071, 0.73273647, 0.4073966, 0.9258092, 0.032608315, -0.29289827, 0.23669516
465202.228553291, 000533, -1.9899602, 0.73121864, 0.39028132, 0.925162, 0.03355063, -0.29499227, 0.23649342
465202.26190025, 000534, -1.9890474, 0.73004484, 0.37309182, 0.9242188, 0.03499629, -0.29810193, 0.2360722
465202.295247291, 000535, -1.9881442, 0.7293208, 0.3544674, 0.92332417, 0.036427435, -0.30191493, 0.23450571
465202.328594333, 000536, -1.9874009, 0.7293756, 0.33575207, 0.9226717, 0.03627854, -0.30485383, 0.23329164
465202.361941333, 000537, -1.9868894, 0.7298117, 0.31680423, 0.9225446, 0.03576382, -0.30673862, 0.23139532
465202.395288416, 000538, -1.9857606, 0.7302029, 0.2971015, 0.9223189, 0.035910264, -0.30936596, 0.22875983
465202.428635333, 000539, -1.9848162, 0.73086745, 0.2780634, 0.9211904, 0.03591842, -0.313874, 0.22715904
465202.461982291, 000540, -1.98385, 0.7316325, 0.2593295, 0.919213, 0.0362317, -0.32019085, 0.22630152
465202.495329416, 000541, -1.982306, 0.73323214, 0.23990954, 0.91768575, 0.037227865, -0.32501665, 0.22545767
465202.5286765, 000542, -1.9815515, 0.734391, 0.2201947, 0.9174094, 0.037749495, -0.32709, 0.22348838
465202.5620235, 000543, -1.9810916, 0.7355929, 0.20049953, 0.91637003, 0.03747616, -0.3301314, 0.2233264
465202.595370458, 000544, -1.9803755, 0.73756397, 0.18075925, 0.9141257, 0.037868433, -0.33464915, 0.2257215
465202.6287175, 000545, -1.9806097, 0.7382417, 0.16175522, 0.9133398, 0.04064446, -0.3372276, 0.22457975
465202.662064541, 000546, -1.9815743, 0.73845834, 0.14316091, 0.91369593, 0.04386086, -0.33741692, 0.22222894
465202.695411625, 000547, -1.9825467, 0.7394793, 0.12535736, 0.91314995, 0.04506646, -0.33874968, 0.22220425
465202.728758666, 000548, -1.9840281, 0.74037355, 0.10760844, 0.91085386, 0.045404445, -0.34271586, 0.22545387
465202.762105666, 000549, -1.9863583, 0.7410777, 0.08981656, 0.90864366, 0.045554545, -0.34597644, 0.22932868
465202.795452625, 000550, -1.9894891, 0.74160844, 0.07122233, 0.9076867, 0.045753088, -0.34657994, 0.23215012
465202.82879975, 000551, -1.9933498, 0.7411665, 0.05374129, 0.9069002, 0.0476982, -0.3471473, 0.2339778
465202.862146708, 000552, -1.9974272, 0.7401204, 0.037092175, 0.90547794, 0.05068786, -0.34907123, 0.23598659
465202.895493708, 000553, -2.0013356, 0.7387417, 0.020116493, 0.9040309, 0.053998634, -0.35126802, 0.23753498
465202.928840791, 000554, -2.0056708, 0.7370204, 0.0038658306, 0.9032493, 0.057266735, -0.35287613, 0.23735967
465202.962187791, 000555, -2.0104613, 0.73520654, -0.012375084, 0.90270656, 0.05980378, -0.35360414, 0.237715
465202.995534875, 000556, -2.015774, 0.73261446, -0.028968055, 0.9026859, 0.06195571, -0.35398507, 0.23667325
465203.028881875, 000557, -2.0211964, 0.7303444, -0.045278523, 0.9025675, 0.063368164, -0.35498852, 0.23524354
465203.062228958, 000558, -2.0269082, 0.7283212, -0.061570268, 0.90184826, 0.06469881, -0.3559069, 0.2362497
465203.095575833, 000559, -2.0328834, 0.7267776, -0.077515915, 0.9023303, 0.06472493, -0.35507828, 0.2356483
465203.128922875, 000560, -2.0389123, 0.7254953, -0.09376827, 0.90320134, 0.064589985, -0.35422534, 0.23362316
465203.162269875, 000561, -2.0446808, 0.7247326, -0.10988237, 0.90240777, 0.064512834, -0.35635224, 0.23347674
465203.195617083, 000562, -2.050705, 0.72517335, -0.12718925, 0.9010798, 0.064135365, -0.35947293, 0.23392542
465203.228964041, 000563, -2.057236, 0.72508824, -0.14409684, 0.9001023, 0.06481031, -0.36168125, 0.2340984
465203.262311, 000564, -2.0645196, 0.72505397, -0.16149467, 0.8996042, 0.06597707, -0.36203992, 0.23513053
465203.295658041, 000565, -2.0721805, 0.72582865, -0.1803316, 0.8991767, 0.06569867, -0.36144808, 0.23773971
465203.329005083, 000566, -2.0800703, 0.72558445, -0.19842163, 0.89908487, 0.06738656, -0.36075905, 0.23865941
465203.362352125, 000567, -2.0877876, 0.7245162, -0.21610437, 0.89959323, 0.072003596, -0.35963258, 0.23709042
465203.395699166, 000568, -2.0943549, 0.7241179, -0.234068, 0.90065473, 0.07435694, -0.3575776, 0.23543659
465203.42904625, 000569, -2.100836, 0.724156, -0.252065, 0.9013648, 0.074627265, -0.35644114, 0.23435433
465203.46239325, 000570, -2.1069665, 0.72418314, -0.26985863, 0.9009666, 0.07443874, -0.3578922, 0.23373334
465203.495740208, 000571, -2.111827, 0.72471595, -0.28714, 0.900791, 0.0728998, -0.35824952, 0.23434691
465203.529087333, 000572, -2.1177535, 0.7251232, -0.30514908, 0.9015871, 0.069827974, -0.35656774, 0.23478544
465203.562434291, 000573, -2.123447, 0.72521216, -0.3229004, 0.901453, 0.06789359, -0.35654712, 0.2358963
465203.595781291, 000574, -2.1273813, 0.72596234, -0.33899027, 0.9009702, 0.06749055, -0.3582503, 0.23527513
465203.629128375, 000575, -2.13222, 0.7258408, -0.3559784, 0.900467, 0.06737539, -0.359998, 0.23456612
465203.662475375, 000576, -2.1374612, 0.7258963, -0.37351114, 0.9009539, 0.06595746, -0.35937268, 0.23405768
465203.695822375, 000577, -2.1417942, 0.72658545, -0.3904028, 0.90177286, 0.0640728, -0.35797092, 0.23357464
465203.729169375, 000578, -2.1463163, 0.72696847, -0.4072339, 0.901234, 0.062865414, -0.3599828, 0.2328898
465203.762516416, 000579, -2.1508229, 0.72742337, -0.42393798, 0.8993935, 0.060913198, -0.36459947, 0.23334102
465203.7958635, 000580, -2.1557026, 0.72718626, -0.44068474, 0.89789325, 0.060261164, -0.36791658, 0.23408027
465203.829210458, 000581, -2.1611657, 0.72643274, -0.45751593, 0.89793354, 0.060668968, -0.36952, 0.23127836
465203.8625575, 000582, -2.1667523, 0.7254368, -0.47422823, 0.8971512, 0.061945897, -0.3725619, 0.22908539
465203.895904541, 000583, -2.17203, 0.72464186, -0.49105173, 0.8945665, 0.06427681, -0.37881607, 0.22829258
465203.929251625, 000584, -2.1776838, 0.72386116, -0.50782686, 0.8917865, 0.06623263, -0.38549402, 0.22743009
465203.962598625, 000585, -2.183845, 0.72326523, -0.52501553, 0.88999486, 0.06771327, -0.3905202, 0.22542825
465203.995945583, 000586, -2.1901896, 0.723012, -0.54178244, 0.888106, 0.069083974, -0.39536318, 0.22401585
465204.029292625, 000587, -2.1965008, 0.72311383, -0.5594037, 0.8853864, 0.070011035, -0.40178692, 0.22306205
465204.062639625, 000588, -2.2032945, 0.7231158, -0.5774686, 0.88302135, 0.074111365, -0.4067515, 0.2221123
465204.095986666, 000589, -2.2096343, 0.7228973, -0.59623885, 0.88191557, 0.08006751, -0.41037923, 0.21772237
465204.12933375, 000590, -2.215382, 0.72352123, -0.6144188, 0.8796051, 0.08450592, -0.4164613, 0.21380739
465204.162680708, 000591, -2.2207165, 0.72428054, -0.6327751, 0.8752815, 0.088216886, -0.4248336, 0.21358003
465204.196027791, 000592, -2.2264335, 0.7248341, -0.65150154, 0.87060934, 0.09352999, -0.4331081, 0.21379611
465204.229374833, 000593, -2.2327385, 0.72511667, -0.67038655, 0.8669767, 0.09837639, -0.44003466, 0.21223345
465204.262721791, 000594, -2.2396638, 0.7252634, -0.6894996, 0.8640605, 0.10299248, -0.44488728, 0.21181884
465204.296068833, 000595, -2.2467425, 0.72552466, -0.7081502, 0.8618743, 0.1064408, -0.44917768, 0.20995821
465204.329415833, 000596, -2.2539065, 0.725374, -0.72609454, 0.85924363, 0.10946843, -0.454092, 0.20860817
465204.362762916, 000597, -2.2610548, 0.7255309, -0.74343157, 0.8559285, 0.110289, -0.4601617, 0.20850407
465204.396109875, 000598, -2.2679203, 0.72691154, -0.76130056, 0.85129976, 0.10923623, -0.4671028, 0.21253496
465204.429456916, 000599, -2.2759447, 0.72803265, -0.7781018, 0.8472133, 0.10724962, -0.47273043, 0.21737757
465204.462803958, 000600, -2.284576, 0.72866344, -0.79401284, 0.8444912, 0.10670823, -0.4770003, 0.21890318
465204.496151, 000601, -2.2934608, 0.7288917, -0.80989486, 0.84169114, 0.10749698, -0.4819423, 0.21847674
465204.529498041, 000602, -2.3025897, 0.7293921, -0.8248447, 0.8389153, 0.10842573, -0.48654604, 0.21849024
465204.562845041, 000603, -2.311758, 0.7297928, -0.8391314, 0.83727235, 0.10908191, -0.49022034, 0.21624096
465204.596192, 000604, -2.3202837, 0.7292889, -0.85302365, 0.83471483, 0.10951307, -0.49577084, 0.21323514
465204.629539041, 000605, -2.3290572, 0.72925395, -0.86644226, 0.8310756, 0.10989665, -0.50230116, 0.21196587
465204.662886041, 000606, -2.3386, 0.72893906, -0.8798903, 0.82915837, 0.11031784, -0.506262, 0.20982152
465204.696233083, 000607, -2.347806, 0.7279338, -0.8944201, 0.82845336, 0.110575736, -0.5089902, 0.20583227
465204.729580083, 000608, -2.357758, 0.72736865, -0.9081854, 0.8263251, 0.11129638, -0.5130067, 0.2040197
465204.762927041, 000609, -2.36815, 0.7269594, -0.921807, 0.8237238, 0.11191122, -0.51723427, 0.20352803
465204.796274166, 000610, -2.37893, 0.72651744, -0.936178, 0.8220195, 0.11322713, -0.5207783, 0.2006327
465204.829621125, 000611, -2.3895538, 0.725824, -0.94985646, 0.81961274, 0.1155979, -0.52542514, 0.19697824
465204.862968083, 000612, -2.4004972, 0.72537804, -0.9637198, 0.8161072, 0.11839052, -0.53062147, 0.19594252
465204.896315125, 000613, -2.4117417, 0.7253262, -0.97896236, 0.8134626, 0.12150093, -0.53398824, 0.1958893
465204.929662166, 000614, -2.4234078, 0.7255628, -0.9933887, 0.8122284, 0.12427077, -0.5361361, 0.1933904
465204.96300925, 000615, -2.434376, 0.7262491, -1.007454, 0.80986017, 0.1274481, -0.5411789, 0.18710673
465204.99635625, 000616, -2.4450114, 0.72775584, -1.0220107, 0.8040972, 0.13040416, -0.54911524, 0.18680176
465205.029703291, 000617, -2.4574895, 0.72957623, -1.0367135, 0.7998975, 0.13295059, -0.5530214, 0.1914563
465205.063050208, 000618, -2.4703903, 0.73085475, -1.0516021, 0.8013128, 0.13495414, -0.55206203, 0.1868493
465205.096397291, 000619, -2.4811592, 0.73271674, -1.0664525, 0.8028782, 0.13637994, -0.5519357, 0.17931572
465205.129744291, 000620, -2.4918969, 0.7348462, -1.0810134, 0.80059594, 0.13732922, -0.55606604, 0.17600383
465205.16309125, 000621, -2.502593, 0.73733497, -1.0954791, 0.79638267, 0.13728218, -0.5617491, 0.17710496
465205.196438333, 000622, -2.5127363, 0.73919874, -1.1099157, 0.795037, 0.13538696, -0.5639595, 0.17758437
465205.229785375, 000623, -2.5235252, 0.7410442, -1.124159, 0.7949666, 0.13359559, -0.56512016, 0.17555472
465205.263132375, 000624, -2.5336509, 0.7428657, -1.137907, 0.79242593, 0.1324831, -0.56909615, 0.17503993
465205.296479291, 000625, -2.542737, 0.74443156, -1.1508868, 0.78865296, 0.13116883, -0.5743023, 0.17606245
465205.329826333, 000626, -2.5518248, 0.74560636, -1.1636035, 0.78514045, 0.1297829, -0.5798807, 0.17449687
465205.363173375, 000627, -2.5608802, 0.74638295, -1.1762433, 0.7816807, 0.12896417, -0.5854217, 0.1721192
465205.396520416, 000628, -2.5691864, 0.7470533, -1.1888843, 0.7781102, 0.126178, -0.5908508, 0.17181084
465205.429867375, 000629, -2.5778506, 0.74803644, -1.2013706, 0.77332544, 0.123304434, -0.5973688, 0.1729575
465205.463214375, 000630, -2.5860662, 0.7482165, -1.2135408, 0.7668813, 0.122819096, -0.6057428, 0.17287056
465205.496561458, 000631, -2.5940125, 0.74756175, -1.225302, 0.7610117, 0.12292578, -0.6134981, 0.17137815
465205.529908416, 000632, -2.6027737, 0.74688315, -1.2376566, 0.75631267, 0.12306638, -0.6195671, 0.17024225
465205.563255416, 000633, -2.6116157, 0.7459812, -1.2502139, 0.7512446, 0.12390515, -0.6259089, 0.16886993
465205.5966025, 000634, -2.62073, 0.74516475, -1.2624638, 0.74514407, 0.12504426, -0.63343436, 0.16698831
465205.629949458, 000635, -2.6294656, 0.74439, -1.2750951, 0.7382919, 0.12622541, -0.64164305, 0.16518582
465205.663296583, 000636, -2.6380737, 0.7435296, -1.2877723, 0.7314324, 0.12804082, -0.64968085, 0.16287136
465205.6966435, 000637, -2.6461446, 0.7420137, -1.2998378, 0.7240722, 0.13057703, -0.6580517, 0.16011544
465205.7299905, 000638, -2.6543446, 0.74161196, -1.312729, 0.7149402, 0.13337383, -0.66773224, 0.15876247
465205.763337458, 000639, -2.6629715, 0.7420502, -1.3262888, 0.7052237, 0.13633208, -0.6771159, 0.15995973
465205.796684625, 000640, -2.6721265, 0.7433187, -1.3397, 0.69686145, 0.13888156, -0.6848522, 0.16147289
465205.830031625, 000641, -2.68139, 0.74412835, -1.3534651, 0.6889458, 0.14195415, -0.6922025, 0.16142625
465205.863378541, 000642, -2.6904447, 0.7446402, -1.3670454, 0.68027616, 0.14499055, -0.7003593, 0.16030888
465205.896725666, 000643, -2.6998916, 0.7448731, -1.3796523, 0.6717432, 0.14907402, -0.7076274, 0.16062814
465205.930072541, 000644, -2.709768, 0.74518734, -1.3922613, 0.66501695, 0.15285517, -0.7131279, 0.16073623
465205.963419666, 000645, -2.7195418, 0.74557275, -1.4044439, 0.6592668, 0.15593652, -0.71808285, 0.15939909
465205.996766625, 000646, -2.729012, 0.7459737, -1.41557, 0.65130335, 0.1600645, -0.7247965, 0.15764944
465206.030113583, 000647, -2.738064, 0.746264, -1.4262103, 0.6428867, 0.16407365, -0.731768, 0.15585904
465206.063460625, 000648, -2.7477834, 0.7467437, -1.4358827, 0.6376418, 0.16641514, -0.73607975, 0.15461394
465206.096807583, 000649, -2.757754, 0.7470921, -1.445743, 0.6330684, 0.16769321, -0.7399665, 0.15346976
465206.13015475, 000650, -2.767151, 0.74806315, -1.4543837, 0.62563676, 0.16904666, -0.7457732, 0.15435112
465206.163501583, 000651, -2.7764401, 0.7490836, -1.4622316, 0.61648047, 0.1706266, -0.75255203, 0.15653718
465206.196848666, 000652, -2.7865531, 0.7493949, -1.470561, 0.60947436, 0.1723374, -0.7577472, 0.15703478
465206.230195625, 000653, -2.7966166, 0.748473, -1.4770591, 0.605008, 0.174502, -0.76156646, 0.15339787
465206.26354275, 000654, -2.8066573, 0.7471312, -1.4830035, 0.6001691, 0.17678104, -0.7657768, 0.14876564
465206.296889666, 000655, -2.817285, 0.7460377, -1.4917654, 0.5945327, 0.1778901, -0.7704372, 0.14598782
465206.330236708, 000656, -2.828437, 0.7452083, -1.4978818, 0.5893994, 0.17818579, -0.7745774, 0.1445268
465206.36358375, 000657, -2.840204, 0.7441996, -1.5031593, 0.5857867, 0.17864335, -0.7776682, 0.14203043
465206.396930791, 000658, -2.8548853, 0.7432876, -1.5119853, 0.58142954, 0.17978404, -0.7810664, 0.13983077
465206.430277833, 000659, -2.8678794, 0.7428155, -1.5170424, 0.57671964, 0.18127576, -0.7843821, 0.13884643
465206.46362475, 000660, -2.8806443, 0.7425342, -1.5208962, 0.5721422, 0.18285261, -0.7877576, 0.13658772
465206.49697175, 000661, -2.8950717, 0.74223405, -1.527849, 0.56755966, 0.18503627, -0.7913177, 0.13211349
465206.530318875, 000662, -2.9084885, 0.74227864, -1.5317401, 0.5633096, 0.18663159, -0.79475415, 0.12734453
465206.56366575, 000663, -2.9221268, 0.7429937, -1.5349357, 0.5594461, 0.1879476, -0.7976768, 0.12412651
465206.597012875, 000664, -2.9384465, 0.74427944, -1.5411303, 0.5548255, 0.18946911, -0.80064523, 0.123439655
465206.630359791, 000665, -2.9528859, 0.7457169, -1.5449932, 0.54979026, 0.19113088, -0.8037996, 0.122905545
465206.663706875, 000666, -2.9668431, 0.74663806, -1.5485679, 0.545611, 0.19225606, -0.80711824, 0.117924914
465206.697053791, 000667, -2.9829552, 0.7470856, -1.5547162, 0.54171807, 0.19393776, -0.8102307, 0.111606576
465206.730400916, 000668, -2.9977937, 0.74844384, -1.5586197, 0.53965026, 0.19425341, -0.8120934, 0.10745914
465206.763747958, 000669, -3.0120795, 0.75033677, -1.5620681, 0.53691846, 0.1933347, -0.81450164, 0.10453353
465206.797094791, 000670, -3.0265777, 0.7528357, -1.5669882, 0.53181607, 0.19381247, -0.81789637, 0.103217766
465206.830441916, 000671, -3.040002, 0.7549032, -1.5704974, 0.5257901, 0.1935526, -0.8218673, 0.103035286
465206.863788833, 000672, -3.0527666, 0.75616187, -1.5735142, 0.5190654, 0.1936272, -0.8262204, 0.102172405
465206.897135916, 000673, -3.0660932, 0.7563265, -1.5779023, 0.5119985, 0.19509839, -0.8305684, 0.09975102
465206.930482916, 000674, -3.0791066, 0.7564039, -1.5805409, 0.5069943, 0.19573127, -0.83363765, 0.09845958
465206.963829916, 000675, -3.0919101, 0.7565613, -1.5827842, 0.50265074, 0.19477658, -0.8366062, 0.0974395
465206.997177, 000676, -3.1037486, 0.7566007, -1.5859394, 0.49449688, 0.19540244, -0.8414505, 0.09618553
465207.030523875, 000677, -3.1153677, 0.75673366, -1.5890155, 0.48429203, 0.19576126, -0.8473647, 0.095455214
465207.063871, 000678, -3.1273453, 0.7570539, -1.5916016, 0.4751403, 0.19535705, -0.85258347, 0.095805645
465207.097217958, 000679, -3.13693, 0.7557911, -1.5929477, 0.46776927, 0.19528735, -0.85683, 0.09432444
465207.130565041, 000680, -3.148161, 0.755215, -1.5954102, 0.46004787, 0.19454987, -0.8615354, 0.09090148
465207.163912083, 000681, -3.159554, 0.75490254, -1.5983629, 0.4510504, 0.19517308, -0.8663115, 0.08924938
465207.197258958, 000682, -3.1690555, 0.75398064, -1.5998536, 0.44270346, 0.19629084, -0.87054145, 0.087413065
465207.230606083, 000683, -3.179677, 0.75357264, -1.6033436, 0.43338937, 0.19670933, -0.8753863, 0.08472226
465207.263953041, 000684, -3.190144, 0.7532266, -1.6073449, 0.4240936, 0.19725037, -0.8800914, 0.08170709
465207.297300041, 000685, -3.1982534, 0.7525293, -1.6105175, 0.41478452, 0.19730787, -0.8849079, 0.077209614
465207.330647083, 000686, -3.207604, 0.7522211, -1.6152341, 0.4047438, 0.19734384, -0.8899807, 0.071918115
465207.363994083, 000687, -3.217153, 0.75258255, -1.6204485, 0.3933959, 0.19835187, -0.8951026, 0.06846564
465207.397341041, 000688, -3.225575, 0.75321984, -1.6245672, 0.3828018, 0.20004348, -0.8992233, 0.06958951
